Wavelength;ILLuminant A;ILLuminant D65
nm;CIE A;CIE D65
300;0.930483;0.0341
301;0.967643;0.36014
302;1.00597;0.68618
303;1.04549;1.01222
304;1.08623;1.33826
305;1.12821;1.6643
306;1.17147;1.99034
307;1.21602;2.31638
308;1.26188;2.64242
309;1.3091;2.96846
310;1.35769;3.2945
311;1.40768;4.98865
312;1.4591;6.6828
313;1.51198;8.37695
314;1.56633;10.0711
315;1.62219;11.7652
316;1.67959;13.4594
317;1.73855;15.1535
318;1.7991;16.8477
319;1.86127;18.5418
320;1.92508;20.236
321;1.99057;21.9177
322;2.05776;23.5995
323;2.12667;25.2812
324;2.19734;26.963
325;2.2698;28.6447
326;2.34406;30.3265
327;2.42017;32.0082
328;2.49814;33.69
329;2.57801;35.3717
330;2.65981;37.0535
331;2.74355;37.343
332;2.82928;37.6326
333;2.91701;37.9221
334;3.00678;38.2116
335;3.09861;38.5011
336;3.19253;38.7907
337;3.28857;39.0802
338;3.38676;39.3697
339;3.48712;39.6593
340;3.58968;39.9488
341;3.69447;40.4451
342;3.80152;40.9414
343;3.91085;41.4377
344;4.0225;41.934
345;4.13648;42.4302
346;4.25282;42.9265
347;4.37156;43.4228
